epoch,accuracy,loss,val_accuracy,val_loss
0,0.0003000000142492354,0.06241419166326523,NA,NA
1,0.0003000000142492354,0.038432274013757706,NA,NA
2,0.0003000000142492354,0.03196621313691139,NA,NA
3,0.0003000000142492354,0.028001153841614723,NA,NA
4,0.0003000000142492354,0.02605714648962021,NA,NA
5,0.0003000000142492354,0.024378012865781784,NA,NA
6,0.0003000000142492354,0.022786004468798637,NA,NA
7,0.0003000000142492354,0.020333420485258102,NA,NA
8,0.0003000000142492354,0.019010396674275398,NA,NA
9,0.0003000000142492354,0.01649598963558674,NA,NA
10,0.0003000000142492354,0.015176826156675816,NA,NA
11,0.0003000000142492354,0.013375738635659218,NA,NA
12,0.0003000000142492354,0.011974150314927101,NA,NA
13,0.0003000000142492354,0.010759938508272171,NA,NA
14,0.0003000000142492354,0.009087566286325455,NA,NA
15,0.0003000000142492354,0.008532864041626453,NA,NA
16,0.0003000000142492354,0.006963836494833231,NA,NA
17,0.0003000000142492354,0.006718132179230452,NA,NA
18,0.0003000000142492354,0.006109559442847967,NA,NA
19,0.0003000000142492354,0.006048658397048712,NA,NA
20,0.0003000000142492354,0.004558107815682888,NA,NA
21,0.0003000000142492354,0.0048830583691596985,NA,NA
22,0.0003000000142492354,0.003937925677746534,NA,NA
23,0.0003000000142492354,0.003032583510503173,NA,NA
24,0.0003000000142492354,0.0021646798122674227,NA,NA
25,0.0003000000142492354,0.003011855063959956,NA,NA
26,0.0003000000142492354,0.002222687704488635,NA,NA
27,0.0003000000142492354,0.002207455225288868,NA,NA
28,0.0003000000142492354,0.002360763493925333,NA,NA
29,0.0003000000142492354,0.0024576170835644007,NA,NA
30,0.0003000000142492354,0.0021584187634289265,NA,NA
31,0.0003000000142492354,0.001954097067937255,NA,NA
32,0.0003000000142492354,0.0018022878793999553,NA,NA
33,0.0003000000142492354,0.0016859876923263073,NA,NA
34,0.0003000000142492354,0.0017802936490625143,NA,NA
35,0.0003000000142492354,0.002024737885221839,NA,NA
36,0.0003000000142492354,0.001668328302912414,NA,NA
37,0.0003000000142492354,0.002114627044647932,NA,NA
38,0.0003000000142492354,0.0016041438793763518,NA,NA
39,0.0003000000142492354,0.001632907660678029,NA,NA
40,0.0003000000142492354,0.0016671636840328574,NA,NA
41,0.0003000000142492354,0.0015937484567984939,NA,NA
42,0.0003000000142492354,0.0015697568887844682,NA,NA
43,0.0003000000142492354,0.0018942245515063405,NA,NA
44,0.0003000000142492354,0.0017805673414841294,NA,NA
45,0.0003000000142492354,0.0014896539505571127,NA,NA
46,0.0003000000142492354,0.0018533450784161687,NA,NA
47,0.0003000000142492354,0.001524618361145258,NA,NA
48,0.0003000000142492354,0.001529908855445683,NA,NA
49,0.0003000000142492354,0.0015384090365841985,NA,NA
50,0.0003000000142492354,0.0015828077448531985,NA,NA
51,0.0003000000142492354,0.0024903062731027603,NA,NA
52,0.0003000000142492354,0.0015214987797662616,NA,NA
53,0.0003000000142492354,0.0014501380501314998,NA,NA
54,0.0003000000142492354,0.00151164922863245,NA,NA
55,0.0003000000142492354,0.0014744893414899707,NA,NA
56,0.0003000000142492354,0.001420468557626009,NA,NA
57,0.0003000000142492354,0.001397348940372467,NA,NA
58,0.0003000000142492354,0.0014146592002362013,NA,NA
59,0.0003000000142492354,0.0014330731937661767,NA,NA
60,0.0003000000142492354,0.0015021312283352017,NA,NA
61,0.0003000000142492354,0.0014205770567059517,NA,NA
62,0.0003000000142492354,0.0014043779810890555,NA,NA
63,0.0003000000142492354,0.001384989358484745,NA,NA
64,0.0003000000142492354,0.001569779240526259,NA,NA
65,0.0003000000142492354,0.0014241989701986313,NA,NA
66,0.0003000000142492354,0.001437846221961081,NA,NA
67,0.0003000000142492354,0.0014030063757672906,NA,NA
68,0.0003000000142492354,0.0014550755731761456,NA,NA
69,0.0003000000142492354,0.001409623073413968,NA,NA
70,0.0003000000142492354,0.0016389284282922745,NA,NA
71,0.0003000000142492354,0.0014175833202898502,NA,NA
72,0.0003000000142492354,0.0013625995488837361,NA,NA
73,0.0003000000142492354,0.00137274619191885,NA,NA
74,0.0003000000142492354,0.0014289553510025144,NA,NA
75,0.0003000000142492354,0.0013562710955739021,NA,NA
76,0.0003000000142492354,0.001362788025289774,NA,NA
77,0.0003000000142492354,0.001522241742350161,NA,NA
78,0.0003000000142492354,0.0013206450967118144,NA,NA
79,0.0003000000142492354,0.001363470801152289,NA,NA
80,0.0003000000142492354,0.0013335503172129393,NA,NA
81,0.0003000000142492354,0.0012983930064365268,NA,NA
82,0.0003000000142492354,0.0013249969342723489,NA,NA
83,0.0003000000142492354,0.0013181640533730388,NA,NA
84,0.0003000000142492354,0.0013517104089260101,NA,NA
85,0.0003000000142492354,0.0013284517917782068,NA,NA
86,0.0003000000142492354,0.0013112365268170834,NA,NA
87,0.0003000000142492354,0.0013456996530294418,NA,NA
88,0.0003000000142492354,0.001289375009946525,NA,NA
89,0.0003000000142492354,0.0013050788547843695,NA,NA
90,0.0003000000142492354,0.0012889233184978366,NA,NA
91,0.0003000000142492354,0.0013138210633769631,NA,NA
92,0.0003000000142492354,0.0012879649875685573,NA,NA
93,0.0003000000142492354,0.0012650871649384499,NA,NA
94,0.0003000000142492354,0.001270399079658091,NA,NA
95,0.0003000000142492354,0.0013118901988491416,NA,NA
96,0.0003000000142492354,0.0012899624416604638,NA,NA
97,0.0003000000142492354,0.0012652755249291658,NA,NA
98,0.0003000000142492354,0.001277317525818944,NA,NA
99,0.0003000000142492354,0.0012767923763021827,NA,NA
100,0.0003000000142492354,0.0014960219850763679,NA,NA
101,0.0003000000142492354,0.0012467886554077268,NA,NA
102,0.0003000000142492354,0.0012202986981719732,NA,NA
103,0.0003000000142492354,0.0012773623457178473,NA,NA
104,0.0003000000142492354,0.0012526983628049493,NA,NA
105,0.0003000000142492354,0.0012592991115525365,NA,NA
106,0.0003000000142492354,0.0011996381217613816,NA,NA
107,0.0003000000142492354,0.0012295541819185019,NA,NA
108,0.0003000000142492354,0.0012584994547069073,NA,NA
109,0.0003000000142492354,0.0012948596850037575,NA,NA
110,0.0003000000142492354,0.0012335125356912613,NA,NA
111,0.0003000000142492354,0.0012374042998999357,NA,NA
112,0.0003000000142492354,0.0012260724324733019,NA,NA
113,0.0003000000142492354,0.00118636479601264,NA,NA
114,0.0003000000142492354,0.001198605285026133,NA,NA
115,0.0003000000142492354,0.0011759151238948107,NA,NA
116,0.0003000000142492354,0.0011741674970835447,NA,NA
117,0.0003000000142492354,0.0012027204502373934,NA,NA
118,0.0003000000142492354,0.0012572850100696087,NA,NA
119,0.0003000000142492354,0.0011644052574411035,NA,NA
120,0.0003000000142492354,0.0011915343347936869,NA,NA
121,0.0003000000142492354,0.0012014831881970167,NA,NA
122,0.0003000000142492354,0.0011726286029443145,NA,NA
123,0.0003000000142492354,0.0011666346108540893,NA,NA
124,0.0003000000142492354,0.0011477768421173096,NA,NA
125,0.0003000000142492354,0.0012200353667140007,NA,NA
126,0.0003000000142492354,0.0011547747999429703,NA,NA
127,0.0003000000142492354,0.001147306989878416,NA,NA
128,0.0003000000142492354,0.001148069160990417,NA,NA
129,0.0003000000142492354,0.0011364308884367347,NA,NA
130,0.0003000000142492354,0.0011477140942588449,NA,NA
131,0.0003000000142492354,0.0011494489153847098,NA,NA
132,0.0003000000142492354,0.0011521527776494622,NA,NA
133,0.0003000000142492354,0.0011114405933767557,NA,NA
134,0.0003000000142492354,0.0011266195215284824,NA,NA
135,0.0003000000142492354,0.0010879590408876538,NA,NA
136,0.0003000000142492354,0.0011331964051350951,NA,NA
137,0.0003000000142492354,0.001119652297347784,NA,NA
138,0.0003000000142492354,0.001122259651310742,NA,NA
139,0.0003000000142492354,0.0011569291818886995,NA,NA
140,0.0003000000142492354,0.0010951997246593237,NA,NA
141,0.0003000000142492354,0.00107596127782017,NA,NA
142,0.0003000000142492354,0.0011645350605249405,NA,NA
143,0.0003000000142492354,0.001082739676348865,NA,NA
144,0.0003000000142492354,0.0011551560601219535,NA,NA
145,0.0003000000142492354,0.0011161734582856297,NA,NA
146,0.0003000000142492354,0.0011238905135542154,NA,NA
147,0.0003000000142492354,0.0010737738339230418,NA,NA
148,0.0003000000142492354,0.0010667406022548676,NA,NA
149,0.0003000000142492354,0.0012175248702988029,NA,NA
150,0.0003000000142492354,0.0010363019537180662,NA,NA
151,0.0003000000142492354,0.0010442547500133514,NA,NA
152,0.0003000000142492354,0.001116167870350182,NA,NA
153,0.0003000000142492354,0.0010596123756840825,NA,NA
154,0.0003000000142492354,0.0014982848661020398,NA,NA
155,0.0003000000142492354,0.0010379159357398748,NA,NA
156,0.0003000000142492354,0.001021944684907794,NA,NA
157,0.0003000000142492354,0.001011773245409131,NA,NA
158,0.0003000000142492354,0.0010243841679766774,NA,NA
159,0.0003000000142492354,0.001045860699377954,NA,NA
160,0.0003000000142492354,0.0010143981780856848,NA,NA
161,0.0003000000142492354,0.0009886266198009253,NA,NA
162,0.0003000000142492354,0.0011915444629266858,NA,NA
163,0.0003000000142492354,0.001017828588373959,NA,NA
164,0.0003000000142492354,0.0009738719672895968,NA,NA
165,0.0003000000142492354,0.0010098278289660811,NA,NA
166,0.0003000000142492354,0.0009976833825930953,NA,NA
167,0.0003000000142492354,0.0010073852026835084,NA,NA
168,0.0003000000142492354,0.0010021049529314041,NA,NA
169,0.0003000000142492354,0.0009749204618856311,NA,NA
170,0.0003000000142492354,0.0009217666811309755,NA,NA
171,0.0003000000142492354,0.0009900598088279366,NA,NA
172,0.0003000000142492354,0.0009227906120941043,NA,NA
173,0.0003000000142492354,0.0009525820496492088,NA,NA
174,0.0003000000142492354,0.0009421220747753978,NA,NA
175,0.0003000000142492354,0.0009952137479558587,NA,NA
176,0.0003000000142492354,0.0009394960361532867,NA,NA
177,0.0003000000142492354,0.001007887884043157,NA,NA
178,0.0003000000142492354,0.0009793080389499664,NA,NA
179,0.0003000000142492354,0.0009782687993720174,NA,NA
180,0.0003000000142492354,0.0009150328696705401,NA,NA
181,0.0003000000142492354,0.0009740770328789949,NA,NA
182,0.0003000000142492354,0.0009548437083140016,NA,NA
183,0.0003000000142492354,0.0010036492021754384,NA,NA
184,0.0003000000142492354,0.000945810868870467,NA,NA
185,0.0003000000142492354,0.0009640282369218767,NA,NA
186,0.0003000000142492354,0.00089706399012357,NA,NA
187,0.0003000000142492354,0.0010080160573124886,NA,NA
188,0.0003000000142492354,0.0008921695989556611,NA,NA
189,0.0003000000142492354,0.0009956883732229471,NA,NA
190,0.0003000000142492354,0.0009385541779920459,NA,NA
191,0.0003000000142492354,0.0009433139930479228,NA,NA
192,0.0003000000142492354,0.0008590802317485213,NA,NA
193,0.0003000000142492354,0.000910341099370271,NA,NA
194,0.0003000000142492354,0.0008615322294645011,NA,NA
195,0.0003000000142492354,0.000891981995664537,NA,NA
196,0.0003000000142492354,0.0009378003305755556,NA,NA
197,0.0003000000142492354,0.0010407264344394207,NA,NA
198,0.0003000000142492354,0.0009183661313727498,NA,NA
199,0.0003000000142492354,0.0008437881479039788,NA,NA
200,0.0003000000142492354,0.0008458116790279746,NA,NA
201,0.0003000000142492354,0.000869259238243103,NA,NA
202,0.0003000000142492354,0.0009268400026485324,NA,NA
203,0.0003000000142492354,0.000993650290183723,NA,NA
204,0.0003000000142492354,0.0008682857733219862,NA,NA
205,0.0003000000142492354,0.0009605195955373347,NA,NA
206,0.0003000000142492354,0.0008555148378945887,NA,NA
207,0.0003000000142492354,0.0007629579631611705,NA,NA
208,0.0003000000142492354,0.0007930906140245497,NA,NA
209,0.0003000000142492354,0.0009058380383066833,NA,NA
210,0.0003000000142492354,0.0008827434503473341,NA,NA
211,0.0003000000142492354,0.0008397189085371792,NA,NA
212,0.0003000000142492354,0.0010298163397237659,NA,NA
213,0.0003000000142492354,0.0008964372682385147,NA,NA
214,0.0003000000142492354,0.0008646199130453169,NA,NA
215,0.0003000000142492354,0.0012072176905348897,NA,NA
216,0.0003000000142492354,0.0010363474721089005,NA,NA
217,0.0003000000142492354,0.0009887975174933672,NA,NA
218,0.0003000000142492354,0.0007470576092600822,NA,NA
219,0.0003000000142492354,0.0008295054431073368,NA,NA
220,0.0003000000142492354,0.0008164271130226552,NA,NA
221,0.0003000000142492354,0.0007584101404063404,NA,NA
222,0.0003000000142492354,0.0008176463888958097,NA,NA
223,0.0003000000142492354,0.0009550426620990038,NA,NA
224,0.0003000000142492354,0.000715456553734839,NA,NA
225,0.0003000000142492354,0.0007773176184855402,NA,NA
226,0.0003000000142492354,0.0007535640033893287,NA,NA
227,0.0003000000142492354,0.0007820305763743818,NA,NA
228,0.0003000000142492354,0.0006414594245143235,NA,NA
229,0.0003000000142492354,0.0009127184748649597,NA,NA
230,0.0003000000142492354,0.0006799736293032765,NA,NA
231,0.0003000000142492354,0.0007167590083554387,NA,NA
232,0.0003000000142492354,0.0007949865539558232,NA,NA
233,0.0003000000142492354,0.0006838797125965357,NA,NA
234,0.0003000000142492354,0.0008979593403637409,NA,NA
235,0.0003000000142492354,0.0008108378387987614,NA,NA
236,0.0003000000142492354,0.0006938375881873071,NA,NA
237,0.0003000000142492354,0.0006627282127737999,NA,NA
238,0.0003000000142492354,0.0008813505410216749,NA,NA
239,0.0003000000142492354,0.0007644165889360011,NA,NA
240,0.0003000000142492354,0.0008176009869202971,NA,NA
241,0.0003000000142492354,0.000701438810210675,NA,NA
242,0.0003000000142492354,0.0007438486791215837,NA,NA
243,0.0003000000142492354,0.0008109627524390817,NA,NA
244,0.0003000000142492354,0.0007094445754773915,NA,NA
245,0.0003000000142492354,0.0006672026356682181,NA,NA
246,0.0003000000142492354,0.0007262153667397797,NA,NA
247,0.0003000000142492354,0.0005672515835613012,NA,NA
248,0.0003000000142492354,0.0007827209192328155,NA,NA
249,0.0003000000142492354,0.0006447166670113802,NA,NA
250,0.0003000000142492354,0.0006726130377501249,NA,NA
251,0.0003000000142492354,0.0006960021564736962,NA,NA
252,0.0003000000142492354,0.000611612107604742,NA,NA
253,0.0003000000142492354,0.0006335365469567478,NA,NA
254,0.0003000000142492354,0.0006574781145900488,NA,NA
255,0.0003000000142492354,0.0006750556058250368,NA,NA
256,0.0003000000142492354,0.0005765692912973464,NA,NA
257,0.0003000000142492354,0.0006530586979351938,NA,NA
258,0.0003000000142492354,0.0006091484101489186,NA,NA
259,0.0003000000142492354,0.0005495851510204375,NA,NA
260,0.0003000000142492354,0.0007086388650350273,NA,NA
261,0.0003000000142492354,0.0007224456639960408,NA,NA
262,0.0003000000142492354,0.0006953148986212909,NA,NA
263,0.0003000000142492354,0.0005895624053664505,NA,NA
264,0.0003000000142492354,0.0005757734179496765,NA,NA
265,0.0003000000142492354,0.0005563379963859916,NA,NA
266,0.0003000000142492354,0.0005824193940497935,NA,NA
267,0.0003000000142492354,0.0006772626657038927,NA,NA
268,0.0003000000142492354,0.0005646960926242173,NA,NA
269,0.0003000000142492354,0.0008958930266089737,NA,NA
270,0.0003000000142492354,0.0004829288518521935,NA,NA
271,0.0003000000142492354,0.0005450911121442914,NA,NA
272,0.0003000000142492354,0.0006069503142498434,NA,NA
273,0.0003000000142492354,0.0005868005100637674,NA,NA
274,0.0003000000142492354,0.0005448652664199471,NA,NA
275,0.0003000000142492354,0.0006880210130475461,NA,NA
276,0.0003000000142492354,0.0005522186984308064,NA,NA
277,0.0003000000142492354,0.0005326377577148378,NA,NA
278,0.0003000000142492354,0.0005417682696133852,NA,NA
279,0.0003000000142492354,0.0006573621649295092,NA,NA
280,0.0003000000142492354,0.0005098194815218449,NA,NA
281,0.0003000000142492354,0.0004562651156447828,NA,NA
282,0.0003000000142492354,0.0006225361139513552,NA,NA
283,0.0003000000142492354,0.0006519751041196287,NA,NA
284,0.0003000000142492354,0.0007670053164474666,NA,NA
285,0.0003000000142492354,0.0004989117733202875,NA,NA
286,0.0003000000142492354,0.0005384316900745034,NA,NA
287,0.0003000000142492354,0.000727317703422159,NA,NA
288,0.0003000000142492354,0.00035910707083530724,NA,NA
289,0.0003000000142492354,0.00043980428017675877,NA,NA
290,0.0003000000142492354,0.00045408171718008816,NA,NA
291,0.0003000000142492354,0.0005963296280242503,NA,NA
292,0.0003000000142492354,0.0004695387906394899,NA,NA
293,0.0003000000142492354,0.0005041045369580388,NA,NA
294,0.0003000000142492354,0.0005800119834020734,NA,NA
295,0.0003000000142492354,0.0003215559117961675,NA,NA
296,0.0003000000142492354,0.0005435415077954531,NA,NA
297,0.0003000000142492354,0.00044816336594522,NA,NA
298,0.0003000000142492354,0.0004564764385577291,NA,NA
299,0.0003000000142492354,0.0007563899271190166,NA,NA
300,0.0003000000142492354,0.00030188896926119924,NA,NA
301,0.0003000000142492354,0.0003638702037278563,NA,NA
302,0.0003000000142492354,0.0003180251515004784,NA,NA
303,0.0003000000142492354,0.0003851097426377237,NA,NA
304,0.0003000000142492354,0.00044433909351937473,NA,NA
305,0.0003000000142492354,0.0002594668185338378,NA,NA
306,0.0003000000142492354,0.0003123870410490781,NA,NA
307,0.0003000000142492354,0.00040025883936323225,NA,NA
308,0.0003000000142492354,0.0004902700311504304,NA,NA
309,0.0003000000142492354,0.00030268498812802136,NA,NA
310,0.0003000000142492354,0.0003183346998412162,NA,NA
311,0.0003000000142492354,0.00035039722570218146,NA,NA
312,0.0003000000142492354,0.00036782360984943807,NA,NA
313,0.0003000000142492354,0.00027900454006157815,NA,NA
314,0.0003000000142492354,0.0005796647747047246,NA,NA
315,0.0003000000142492354,0.000360868958523497,NA,NA
316,0.0003000000142492354,0.0003729991731233895,NA,NA
317,0.0003000000142492354,0.00031224085250869393,NA,NA
318,0.0003000000142492354,0.00023431221779901534,NA,NA
319,0.0003000000142492354,0.0002646725042723119,NA,NA
320,0.0003000000142492354,0.0005362496594898403,NA,NA
321,0.0003000000142492354,0.0004844409413635731,NA,NA
322,0.0003000000142492354,0.00029589413315989077,NA,NA
323,0.0003000000142492354,0.00027456291718408465,NA,NA
324,0.0003000000142492354,0.00033255526795983315,NA,NA
325,0.0003000000142492354,0.00028385213227011263,NA,NA
326,0.0003000000142492354,0.00038766502984799445,NA,NA
327,0.0003000000142492354,0.0003024232282768935,NA,NA
328,0.0003000000142492354,0.0004133614129386842,NA,NA
329,0.0003000000142492354,0.0002328128321096301,NA,NA
330,0.0003000000142492354,0.00023562481510452926,NA,NA
331,0.0003000000142492354,0.0004998736549168825,NA,NA
332,0.0003000000142492354,0.00027805211720988154,NA,NA
333,0.0003000000142492354,0.000211748483707197,NA,NA
334,0.0003000000142492354,0.00023386585235130042,NA,NA
335,0.0003000000142492354,0.00032034862670116127,NA,NA
336,0.0003000000142492354,0.00022698378597851843,NA,NA
337,0.0003000000142492354,0.0002598198188934475,NA,NA
338,0.0003000000142492354,0.00018278651987202466,NA,NA
339,0.0003000000142492354,0.00022721248387824744,NA,NA
340,0.0003000000142492354,0.00026012994931079447,NA,NA
341,0.0003000000142492354,0.00017717762966640294,NA,NA
342,0.0003000000142492354,0.0002367794222664088,NA,NA
343,0.0003000000142492354,0.0005644013872370124,NA,NA
344,0.0003000000142492354,0.00018765631830319762,NA,NA
345,0.0003000000142492354,0.0003494185511954129,NA,NA
346,0.0003000000142492354,0.000247655640123412,NA,NA
347,0.0003000000142492354,0.00024415182997472584,NA,NA
348,0.0003000000142492354,0.00021425102022476494,NA,NA
349,0.0003000000142492354,0.000517995678819716,NA,NA
350,0.0003000000142492354,0.00018282477685716003,NA,NA
351,0.0003000000142492354,0.00017732598644215614,NA,NA
352,0.0003000000142492354,0.0003335966030135751,NA,NA
353,0.0003000000142492354,0.0002677105076145381,NA,NA
354,0.0003000000142492354,0.00021563809423241764,NA,NA
355,0.0003000000142492354,0.00022556152543984354,NA,NA
356,0.0003000000142492354,0.00050408358220011,NA,NA
357,0.0003000000142492354,0.00024236380704678595,NA,NA
358,0.0003000000142492354,0.00029666011687368155,NA,NA
359,0.0003000000142492354,0.0002779158821795136,NA,NA
360,0.0003000000142492354,0.00028282005223445594,NA,NA
361,0.0003000000142492354,0.00025500659830868244,NA,NA
362,0.0003000000142492354,0.00029334897408261895,NA,NA
363,0.0003000000142492354,0.000297361722914502,NA,NA
364,0.0003000000142492354,0.00038115144707262516,NA,NA
365,0.0003000000142492354,0.00036273422301746905,NA,NA
366,0.0003000000142492354,0.00021119527809787542,NA,NA
367,0.0003000000142492354,0.00024183269124478102,NA,NA
368,0.0003000000142492354,0.0003682125243358314,NA,NA
369,0.0003000000142492354,0.0001327232748735696,NA,NA
370,0.0003000000142492354,0.0001929396385094151,NA,NA
371,0.0003000000142492354,0.0002836620551533997,NA,NA
372,0.0003000000142492354,0.00018338611698709428,NA,NA
373,0.0003000000142492354,0.00023093819618225098,NA,NA
374,0.0003000000142492354,0.0002126484178006649,NA,NA
375,0.0003000000142492354,0.00034466301440261304,NA,NA
376,0.0003000000142492354,0.00021453970111906528,NA,NA
377,0.0003000000142492354,0.00014158777776174247,NA,NA
378,0.0003000000142492354,0.00022926784004084766,NA,NA
379,0.0003000000142492354,0.00023677929129917175,NA,NA
380,0.0003000000142492354,0.0003069070226047188,NA,NA
381,0.0003000000142492354,0.00017557106912136078,NA,NA
382,0.0003000000142492354,0.00019029337272513658,NA,NA
383,0.0003000000142492354,0.00021454277157317847,NA,NA
384,0.0003000000142492354,0.0001585220597917214,NA,NA
385,0.0003000000142492354,0.00014519758406095207,NA,NA
386,0.0003000000142492354,0.00011072069173678756,NA,NA
387,0.0003000000142492354,0.0002543471928220242,NA,NA
388,0.0003000000142492354,0.00015856159734539688,NA,NA
389,0.0003000000142492354,0.00015304105181712657,NA,NA
390,0.0003000000142492354,0.00017251250392291695,NA,NA
391,0.0003000000142492354,0.00013153834152035415,NA,NA
392,0.0003000000142492354,0.00016091830912046134,NA,NA
393,0.0003000000142492354,0.00012450043868739158,NA,NA
394,0.0003000000142492354,0.0001812539849197492,NA,NA
395,0.0003000000142492354,0.00018870130588766187,NA,NA
396,0.0003000000142492354,0.00016312762454617769,NA,NA
397,0.0003000000142492354,0.00035191632923670113,NA,NA
398,0.0003000000142492354,0.00024363606644328684,NA,NA
399,0.0003000000142492354,0.00029388550319708884,NA,NA
400,0.0003000000142492354,0.00012369430623948574,NA,NA
401,0.0003000000142492354,0.00015559101302642375,NA,NA
402,0.0003000000142492354,0.00016322133888024837,NA,NA
403,0.0003000000142492354,0.00019963546947110444,NA,NA
404,0.0003000000142492354,0.00014439233927987516,NA,NA
405,0.0003000000142492354,0.00020925569697283208,NA,NA
406,0.0003000000142492354,0.00014867979916743934,NA,NA
407,0.0003000000142492354,0.00014226663915906101,NA,NA
408,0.0003000000142492354,0.00027773703914135695,NA,NA
409,0.0003000000142492354,0.00014573325461242348,NA,NA
410,0.0003000000142492354,0.00011652876128209755,NA,NA
411,0.0003000000142492354,0.00015213269216474146,NA,NA
412,0.0003000000142492354,0.0003094604180660099,NA,NA
413,0.0003000000142492354,0.000606974761467427,NA,NA
414,0.0003000000142492354,0.0003575436130631715,NA,NA
415,0.0003000000142492354,0.00031004048651084304,NA,NA
416,0.0003000000142492354,0.00021633315191138536,NA,NA
417,0.0003000000142492354,0.00020669549121521413,NA,NA
418,0.0003000000142492354,0.00015912998060230166,NA,NA
419,0.0003000000142492354,0.00016212830087170005,NA,NA
420,0.0003000000142492354,0.0001416114391759038,NA,NA
421,0.0003000000142492354,0.0003007534542120993,NA,NA
422,0.0003000000142492354,0.00018093101971317083,NA,NA
423,0.0003000000142492354,0.00012555948342196643,NA,NA
424,0.0003000000142492354,8.799305214779451e-05,NA,NA
425,0.0003000000142492354,0.00010345011833123863,NA,NA
426,0.0003000000142492354,0.00012580089969560504,NA,NA
427,0.0003000000142492354,0.0006737435469403863,NA,NA
428,0.0003000000142492354,8.636621350888163e-05,NA,NA
429,0.0003000000142492354,0.00010927442053798586,NA,NA
430,0.0003000000142492354,9.705596312414855e-05,NA,NA
431,0.0003000000142492354,0.00011414090113248676,NA,NA
432,0.0003000000142492354,0.0001377575536025688,NA,NA
433,0.0003000000142492354,0.00010215743532171473,NA,NA
434,0.0003000000142492354,0.00013005868822801858,NA,NA
435,0.0003000000142492354,0.00010000145266531035,NA,NA
436,0.0003000000142492354,0.0002055464719887823,NA,NA
437,0.0003000000142492354,0.00020104498253203928,NA,NA
438,0.0003000000142492354,0.00012360807158984244,NA,NA
439,0.0003000000142492354,0.00020753746503032744,NA,NA
440,0.0003000000142492354,9.443065209779888e-05,NA,NA
441,0.0003000000142492354,7.956832996569574e-05,NA,NA
442,0.0003000000142492354,0.0001392266567563638,NA,NA
443,0.0003000000142492354,0.00015946505300235003,NA,NA
444,0.0003000000142492354,0.00011580449063330889,NA,NA
445,0.0003000000142492354,0.0002079606056213379,NA,NA
446,0.0003000000142492354,7.825112697901204e-05,NA,NA
447,0.0003000000142492354,0.0004122450773138553,NA,NA
448,0.0003000000142492354,0.00016530745779164135,NA,NA
449,0.0003000000142492354,0.0001743527827784419,NA,NA
450,0.0003000000142492354,0.000151068001287058,NA,NA
451,0.0003000000142492354,0.00022276646632235497,NA,NA
452,0.0003000000142492354,0.00022760851425118744,NA,NA
453,0.0003000000142492354,0.00013803430192638189,NA,NA
454,0.0003000000142492354,0.0001240103883901611,NA,NA
455,0.0003000000142492354,0.0001901177311083302,NA,NA
456,0.0003000000142492354,0.00013532958109863102,NA,NA
457,0.0003000000142492354,0.0001454256707802415,NA,NA
458,0.0003000000142492354,0.00013724985183216631,NA,NA
459,0.0003000000142492354,0.0001373081759084016,NA,NA
460,0.0003000000142492354,0.0003104537317994982,NA,NA
461,0.0003000000142492354,0.0004112768219783902,NA,NA
462,0.0003000000142492354,0.00019072866416536272,NA,NA
463,0.0003000000142492354,0.00012849639460910112,NA,NA
464,0.0003000000142492354,0.00012173056893516332,NA,NA
465,0.0003000000142492354,0.00015743679250590503,NA,NA
466,0.0003000000142492354,0.00011850494047394022,NA,NA
467,0.0003000000142492354,0.0001438105246052146,NA,NA
468,0.0003000000142492354,0.00015638949116691947,NA,NA
469,0.0003000000142492354,0.00017340070917271078,NA,NA
470,0.0003000000142492354,0.0001473122538300231,NA,NA
471,0.0003000000142492354,0.00018237772746942937,NA,NA
472,0.0003000000142492354,0.0001404201175319031,NA,NA
473,0.0003000000142492354,0.00015674154565203935,NA,NA
474,0.0003000000142492354,0.00011141702270833775,NA,NA
475,0.0003000000142492354,9.946013597073033e-05,NA,NA
476,0.0003000000142492354,0.00016824033809825778,NA,NA
477,0.0003000000142492354,0.00011570454807952046,NA,NA
478,0.0003000000142492354,0.00013821461470797658,NA,NA
479,0.0003000000142492354,0.00013956693874206394,NA,NA
480,0.0003000000142492354,0.00010751940862974152,NA,NA
481,0.0003000000142492354,0.00022463833738584071,NA,NA
482,0.0003000000142492354,0.00011722053022822365,NA,NA
483,0.0003000000142492354,8.710641122888774e-05,NA,NA
484,0.0003000000142492354,0.00018143093620892614,NA,NA
485,0.0003000000142492354,0.00020852708257734776,NA,NA
486,0.0003000000142492354,0.00010679062688723207,NA,NA
487,0.0003000000142492354,0.0002861385000869632,NA,NA
488,0.0003000000142492354,0.00010058000043500215,NA,NA
489,0.0003000000142492354,0.00024581264005973935,NA,NA
490,0.0003000000142492354,9.404234151588753e-05,NA,NA
491,0.0003000000142492354,0.00013232049241196364,NA,NA
492,0.0003000000142492354,0.00015753754996694624,NA,NA
493,0.0003000000142492354,9.887671330943704e-05,NA,NA
494,0.0003000000142492354,0.00024407243472523987,NA,NA
495,0.0003000000142492354,0.00011575233656913042,NA,NA
496,0.0003000000142492354,8.037739462452009e-05,NA,NA
497,0.0003000000142492354,0.00010358678991906345,NA,NA
498,0.0003000000142492354,0.00010360721353208646,NA,NA
499,0.0003000000142492354,7.821511098882183e-05,NA,NA
500,0.0003000000142492354,7.147880387492478e-05,NA,NA
501,0.0003000000142492354,6.210024002939463e-05,NA,NA
502,0.0003000000142492354,5.406415948527865e-05,NA,NA
503,0.0003000000142492354,5.253514609648846e-05,NA,NA
504,0.0003000000142492354,7.665077282581478e-05,NA,NA
505,0.0003000000142492354,4.87002580484841e-05,NA,NA
506,0.0003000000142492354,4.074917524121702e-05,NA,NA
507,0.0003000000142492354,6.674228643532842e-05,NA,NA
508,0.0003000000142492354,6.091905743232928e-05,NA,NA
509,0.0003000000142492354,4.4641830754699185e-05,NA,NA
510,0.0003000000142492354,0.00011176850966876373,NA,NA
511,0.0003000000142492354,0.00023517031513620168,NA,NA
512,0.0003000000142492354,0.0002678158925846219,NA,NA
513,0.0003000000142492354,4.3739306420320645e-05,NA,NA
514,0.0003000000142492354,0.00017229320656042546,NA,NA
515,0.0003000000142492354,8.621239976491779e-05,NA,NA
516,0.0003000000142492354,4.833207276533358e-05,NA,NA
517,0.0003000000142492354,3.767682574107312e-05,NA,NA
518,0.0003000000142492354,4.8968508053803816e-05,NA,NA
519,0.0003000000142492354,5.285241422825493e-05,NA,NA
520,0.0003000000142492354,0.00027645498630590737,NA,NA
521,0.0003000000142492354,4.832771446672268e-05,NA,NA
522,0.0003000000142492354,9.403964941157028e-05,NA,NA
523,0.0003000000142492354,0.00016916196909733117,NA,NA
524,0.0003000000142492354,6.722215766785666e-05,NA,NA
525,0.0003000000142492354,6.966778892092407e-05,NA,NA
526,0.0003000000142492354,5.7245470088673756e-05,NA,NA
527,0.0003000000142492354,3.9879625546745956e-05,NA,NA
528,0.0003000000142492354,4.555371924652718e-05,NA,NA
529,0.0003000000142492354,5.324164521880448e-05,NA,NA
530,0.0003000000142492354,5.8861183788394555e-05,NA,NA
531,0.0003000000142492354,4.3357293179724365e-05,NA,NA
532,0.0003000000142492354,4.744360921904445e-05,NA,NA
533,0.0003000000142492354,6.844849849585444e-05,NA,NA
534,0.0003000000142492354,6.414513336494565e-05,NA,NA
535,0.0003000000142492354,5.959785630693659e-05,NA,NA
536,0.0003000000142492354,7.09085215930827e-05,NA,NA
537,0.0003000000142492354,6.111353286541998e-05,NA,NA
538,0.0003000000142492354,4.0126979001797736e-05,NA,NA
539,0.0003000000142492354,7.194406498456374e-05,NA,NA
540,0.0003000000142492354,4.789743252331391e-05,NA,NA
541,0.0003000000142492354,7.610897591803223e-05,NA,NA
542,0.0003000000142492354,4.234402877045795e-05,NA,NA
543,0.0003000000142492354,3.923824260709807e-05,NA,NA
544,0.0003000000142492354,6.069809023756534e-05,NA,NA
545,0.0003000000142492354,0.00028687246958725154,NA,NA
546,0.0003000000142492354,4.896344034932554e-05,NA,NA
547,0.0003000000142492354,4.04456804972142e-05,NA,NA
548,0.0003000000142492354,4.7045301471371204e-05,NA,NA
549,0.0003000000142492354,3.1972725992091e-05,NA,NA
550,0.0003000000142492354,9.255700570065528e-05,NA,NA
551,0.0003000000142492354,4.2454943468328565e-05,NA,NA
552,0.0003000000142492354,5.843469989486039e-05,NA,NA
553,0.0003000000142492354,4.518136120168492e-05,NA,NA
554,0.0003000000142492354,5.536980461329222e-05,NA,NA
555,0.0003000000142492354,0.00032617783290334046,NA,NA
556,0.0003000000142492354,6.613775622099638e-05,NA,NA
557,0.0003000000142492354,7.257230026880279e-05,NA,NA
558,0.0003000000142492354,7.496471516788006e-05,NA,NA
559,0.0003000000142492354,8.235705900005996e-05,NA,NA
560,0.0003000000142492354,0.00010047389514511451,NA,NA
561,0.0003000000142492354,0.00010745350300567225,NA,NA
562,0.0003000000142492354,0.00010840777395060286,NA,NA
563,0.0003000000142492354,0.00013278136611916125,NA,NA
564,0.0003000000142492354,9.70217733993195e-05,NA,NA
565,0.0003000000142492354,5.6426782975904644e-05,NA,NA
566,0.0003000000142492354,0.0001849335094448179,NA,NA
567,0.0003000000142492354,3.935405766242184e-05,NA,NA
568,0.0003000000142492354,5.984911331324838e-05,NA,NA
569,0.0003000000142492354,5.301345663610846e-05,NA,NA
570,0.0003000000142492354,2.990541179315187e-05,NA,NA
571,0.0003000000142492354,3.3160413295263425e-05,NA,NA
572,0.0003000000142492354,0.00013143954856786877,NA,NA
573,0.0003000000142492354,9.868143388302997e-05,NA,NA
574,0.0003000000142492354,0.00012630500714294612,NA,NA
575,0.0003000000142492354,7.43634591344744e-05,NA,NA
576,0.0003000000142492354,0.0002074825024465099,NA,NA
577,0.0003000000142492354,0.0001647111348574981,NA,NA
578,0.0003000000142492354,5.816770135425031e-05,NA,NA
579,0.0003000000142492354,6.151807610876858e-05,NA,NA
580,0.0003000000142492354,7.611222827108577e-05,NA,NA
581,0.0003000000142492354,5.540413985727355e-05,NA,NA
582,0.0003000000142492354,5.8147670642938465e-05,NA,NA
583,0.0003000000142492354,0.0001634931395528838,NA,NA
584,0.0003000000142492354,6.329820462269709e-05,NA,NA
585,0.0003000000142492354,9.3329421360977e-05,NA,NA
586,0.0003000000142492354,5.370023427531123e-05,NA,NA
587,0.0003000000142492354,0.00017162923177238554,NA,NA
588,0.0003000000142492354,6.891785596963018e-05,NA,NA
589,0.0003000000142492354,9.518341539660469e-05,NA,NA
590,0.0003000000142492354,6.096579454606399e-05,NA,NA
591,0.0003000000142492354,0.0001424187357770279,NA,NA
592,0.0003000000142492354,8.201386663131416e-05,NA,NA
593,0.0003000000142492354,8.185928163584322e-05,NA,NA
594,0.0003000000142492354,8.397571218665689e-05,NA,NA
595,0.0003000000142492354,8.000688831089064e-05,NA,NA
596,0.0003000000142492354,5.395571133703925e-05,NA,NA
597,0.0003000000142492354,5.4049218306317925e-05,NA,NA
598,0.0003000000142492354,8.635236008558422e-05,NA,NA
599,0.0003000000142492354,8.221024472732097e-05,NA,NA
600,0.0003000000142492354,5.761280044680461e-05,NA,NA
601,0.0003000000142492354,9.998811583500355e-05,NA,NA
602,0.0003000000142492354,5.7289315009256825e-05,NA,NA
603,0.0003000000142492354,9.901628800434992e-05,NA,NA
604,0.0003000000142492354,0.00012596251326613128,NA,NA
605,0.0003000000142492354,0.00017696116992738098,NA,NA
606,0.0003000000142492354,0.0001286613696720451,NA,NA
607,0.0003000000142492354,6.859256973257288e-05,NA,NA
608,0.0003000000142492354,0.00011248285591136664,NA,NA
609,0.0003000000142492354,7.405172800645232e-05,NA,NA
610,0.0003000000142492354,8.073502249317244e-05,NA,NA
611,0.0003000000142492354,0.00031514742295257747,NA,NA
612,0.0003000000142492354,8.264424104709178e-05,NA,NA
613,0.0003000000142492354,4.625512156053446e-05,NA,NA
614,0.0003000000142492354,9.801256965147331e-05,NA,NA
615,0.0003000000142492354,6.354371726047248e-05,NA,NA
616,0.0003000000142492354,5.664226409862749e-05,NA,NA
617,0.0003000000142492354,7.200536492746323e-05,NA,NA
618,0.0003000000142492354,6.224190292414278e-05,NA,NA
619,0.0003000000142492354,5.1477480155881494e-05,NA,NA
620,0.0003000000142492354,0.00010748588829301298,NA,NA
621,0.0003000000142492354,5.143678208696656e-05,NA,NA
622,0.0003000000142492354,7.629048923263326e-05,NA,NA
623,0.0003000000142492354,8.33645899547264e-05,NA,NA
624,0.0003000000142492354,6.103405394242145e-05,NA,NA
625,0.0003000000142492354,7.526538684032857e-05,NA,NA
626,0.0003000000142492354,0.0002077412063954398,NA,NA
627,0.0003000000142492354,0.00021879062114749104,NA,NA
628,0.0003000000142492354,0.00014670065138489008,NA,NA
629,0.0003000000142492354,4.1941460949601606e-05,NA,NA
630,0.0003000000142492354,6.595938612008467e-05,NA,NA
631,0.0003000000142492354,4.558597720460966e-05,NA,NA
632,0.0003000000142492354,5.206568312132731e-05,NA,NA
633,0.0003000000142492354,7.022094359854236e-05,NA,NA
634,0.0003000000142492354,4.8459216486662626e-05,NA,NA
635,0.0003000000142492354,5.043070996180177e-05,NA,NA
636,0.0003000000142492354,6.327017763396725e-05,NA,NA
637,0.0003000000142492354,4.3007556087104604e-05,NA,NA
638,0.0003000000142492354,6.737120565958321e-05,NA,NA
639,0.0003000000142492354,6.876476982142776e-05,NA,NA
640,0.0003000000142492354,8.107904432108626e-05,NA,NA
641,0.0003000000142492354,0.00019393785623833537,NA,NA
642,0.0003000000142492354,4.476655158214271e-05,NA,NA
643,0.0003000000142492354,5.012720066588372e-05,NA,NA
644,0.0003000000142492354,0.00028920540353283286,NA,NA
645,0.0003000000142492354,3.790303162531927e-05,NA,NA
646,0.0003000000142492354,6.46202388452366e-05,NA,NA
647,0.0003000000142492354,8.891931065591052e-05,NA,NA
648,0.0003000000142492354,4.784262637258507e-05,NA,NA
649,0.0003000000142492354,5.535940363188274e-05,NA,NA
650,0.0003000000142492354,0.00011339406773913652,NA,NA
651,0.0003000000142492354,3.499578087939881e-05,NA,NA
652,0.0003000000142492354,6.128615495981649e-05,NA,NA
653,0.0003000000142492354,9.397119720233604e-05,NA,NA
654,0.0003000000142492354,6.651729927398264e-05,NA,NA
655,0.0003000000142492354,7.353694672929123e-05,NA,NA
656,0.0003000000142492354,6.302619294729084e-05,NA,NA
657,0.0003000000142492354,5.220418097451329e-05,NA,NA
658,0.0003000000142492354,7.494979217881337e-05,NA,NA
659,0.0003000000142492354,5.664682976203039e-05,NA,NA
660,0.0003000000142492354,5.362163938116282e-05,NA,NA
661,0.0003000000142492354,9.188182593788952e-05,NA,NA
662,0.0003000000142492354,9.359887917526066e-05,NA,NA
663,0.0003000000142492354,3.576940071070567e-05,NA,NA
664,0.0003000000142492354,7.056706817820668e-05,NA,NA
665,0.0003000000142492354,4.930464274366386e-05,NA,NA
666,0.0003000000142492354,6.263198156375438e-05,NA,NA
667,0.0003000000142492354,3.9917878893902525e-05,NA,NA
668,0.0003000000142492354,4.5809560106135905e-05,NA,NA
669,0.0003000000142492354,3.963623021263629e-05,NA,NA
670,0.0003000000142492354,4.3775733502116054e-05,NA,NA
671,0.0003000000142492354,0.00010804163321154192,NA,NA
672,0.0003000000142492354,6.54903196846135e-05,NA,NA
673,0.0003000000142492354,4.79012742289342e-05,NA,NA
674,0.0003000000142492354,0.00019498207257129252,NA,NA
675,0.0003000000142492354,5.114805753692053e-05,NA,NA
676,0.0003000000142492354,5.738118852605112e-05,NA,NA
677,0.0003000000142492354,6.493341061286628e-05,NA,NA
678,0.0003000000142492354,0.00016075000166893005,NA,NA
679,0.0003000000142492354,4.304181129555218e-05,NA,NA
680,0.0003000000142492354,6.215264875208959e-05,NA,NA
681,0.0003000000142492354,6.505425699288025e-05,NA,NA
682,0.0003000000142492354,4.191680272924714e-05,NA,NA
683,0.0003000000142492354,3.44723739544861e-05,NA,NA
684,0.0003000000142492354,6.229874998098239e-05,NA,NA
685,0.0003000000142492354,6.0785794630646706e-05,NA,NA
686,0.0003000000142492354,5.662066178047098e-05,NA,NA
687,0.0003000000142492354,7.006690429989249e-05,NA,NA
688,0.0003000000142492354,3.466328780632466e-05,NA,NA
689,0.0003000000142492354,4.5272186980582774e-05,NA,NA
690,0.0003000000142492354,3.714098784257658e-05,NA,NA
691,0.0003000000142492354,3.725039277924225e-05,NA,NA
692,0.0003000000142492354,4.737442941404879e-05,NA,NA
693,0.0003000000142492354,0.00011337408068357036,NA,NA
694,0.0003000000142492354,0.000283867702819407,NA,NA
695,0.0003000000142492354,0.00010119277430931106,NA,NA
696,0.0003000000142492354,6.162295903777704e-05,NA,NA
697,0.0003000000142492354,3.709863085532561e-05,NA,NA
698,0.0003000000142492354,5.401860471465625e-05,NA,NA
699,0.0003000000142492354,5.8099849411519244e-05,NA,NA
700,0.0003000000142492354,4.6569180994993076e-05,NA,NA
701,0.0003000000142492354,8.53623278089799e-05,NA,NA
702,0.0003000000142492354,3.915397610398941e-05,NA,NA
703,0.0003000000142492354,4.008194082416594e-05,NA,NA
704,0.0003000000142492354,5.78019316890277e-05,NA,NA
705,0.0003000000142492354,3.520368045428768e-05,NA,NA
706,0.0003000000142492354,3.4683034755289555e-05,NA,NA
707,0.0003000000142492354,3.19255814247299e-05,NA,NA
708,0.0003000000142492354,5.0251870561623946e-05,NA,NA
709,0.0003000000142492354,3.75531853933353e-05,NA,NA
710,0.0003000000142492354,3.8077731005614623e-05,NA,NA
711,0.0003000000142492354,3.8555524952244014e-05,NA,NA
712,0.0003000000142492354,3.35220065608155e-05,NA,NA
713,0.0003000000142492354,2.7823623895528726e-05,NA,NA
714,0.0003000000142492354,8.094470103969797e-05,NA,NA
715,0.0003000000142492354,2.9382563297986053e-05,NA,NA
716,0.0003000000142492354,8.406346751144156e-05,NA,NA
717,0.0003000000142492354,0.00020002863311674446,NA,NA
718,0.0003000000142492354,8.570912177674472e-05,NA,NA
719,0.0003000000142492354,6.551282422151417e-05,NA,NA
720,0.0003000000142492354,4.595245627569966e-05,NA,NA
721,0.0003000000142492354,3.549043321982026e-05,NA,NA
722,0.0003000000142492354,5.5337495723506436e-05,NA,NA
723,0.0003000000142492354,7.748152711428702e-05,NA,NA
724,0.0003000000142492354,4.4176445953780785e-05,NA,NA
725,0.0003000000142492354,3.792003190028481e-05,NA,NA
726,0.0003000000142492354,3.821107020485215e-05,NA,NA
727,0.0003000000142492354,4.4377015001373366e-05,NA,NA
728,0.0003000000142492354,5.1031358452746645e-05,NA,NA
729,0.0003000000142492354,5.5633710871916264e-05,NA,NA
730,0.0003000000142492354,3.8701455196132883e-05,NA,NA
731,0.0003000000142492354,3.8971309550106525e-05,NA,NA
732,0.0003000000142492354,4.75987144454848e-05,NA,NA
733,0.0003000000142492354,3.161733548040502e-05,NA,NA
734,0.0003000000142492354,3.674227264127694e-05,NA,NA
735,0.0003000000142492354,4.4700900616589934e-05,NA,NA
736,0.0003000000142492354,4.994124537915923e-05,NA,NA
737,0.0003000000142492354,2.7526817575562745e-05,NA,NA
738,0.0003000000142492354,3.147469396935776e-05,NA,NA
739,0.0003000000142492354,5.382997915148735e-05,NA,NA
740,0.0003000000142492354,4.91167011205107e-05,NA,NA
741,0.0003000000142492354,4.3442603782750666e-05,NA,NA
742,0.0003000000142492354,3.967601514887065e-05,NA,NA
743,0.0003000000142492354,3.8771628169342875e-05,NA,NA
744,0.0003000000142492354,4.766574056702666e-05,NA,NA
745,0.0003000000142492354,3.791440758504905e-05,NA,NA
746,0.0003000000142492354,5.094206426292658e-05,NA,NA
747,0.0003000000142492354,3.296395152574405e-05,NA,NA
748,0.0003000000142492354,3.737812949111685e-05,NA,NA
749,0.0003000000142492354,3.902487878804095e-05,NA,NA
750,0.0003000000142492354,5.7136356190312654e-05,NA,NA
751,0.0003000000142492354,2.7671831048792228e-05,NA,NA
752,0.0003000000142492354,3.450231088208966e-05,NA,NA
753,0.0003000000142492354,0.00014439540973398834,NA,NA
754,0.0003000000142492354,4.507717312662862e-05,NA,NA
755,0.0003000000142492354,2.7171552574145608e-05,NA,NA
756,0.0003000000142492354,3.460404695942998e-05,NA,NA
757,0.0003000000142492354,2.4962482711998746e-05,NA,NA
758,0.0003000000142492354,4.2754523747134954e-05,NA,NA
759,0.0003000000142492354,4.5540142309619114e-05,NA,NA
760,0.0003000000142492354,3.6602039472199976e-05,NA,NA
761,0.0003000000142492354,5.7534478401066735e-05,NA,NA
762,0.0003000000142492354,3.196904799551703e-05,NA,NA
763,0.0003000000142492354,4.646606612368487e-05,NA,NA
764,0.0003000000142492354,3.756963269552216e-05,NA,NA
765,0.0003000000142492354,4.506441473495215e-05,NA,NA
766,0.0003000000142492354,4.739199721370824e-05,NA,NA
767,0.0003000000142492354,2.6640882424544543e-05,NA,NA
768,0.0003000000142492354,3.956034197472036e-05,NA,NA
769,0.0003000000142492354,4.2975181713700294e-05,NA,NA
770,0.0003000000142492354,4.000811532023363e-05,NA,NA
771,0.0003000000142492354,4.2401428800076246e-05,NA,NA
772,0.0003000000142492354,5.0606864533619955e-05,NA,NA
773,0.0003000000142492354,3.226545231882483e-05,NA,NA
774,0.0003000000142492354,3.248882421758026e-05,NA,NA
775,0.0003000000142492354,4.770253144670278e-05,NA,NA
776,0.0003000000142492354,3.6586203350452706e-05,NA,NA
777,0.0003000000142492354,5.677702574757859e-05,NA,NA
778,0.0003000000142492354,4.2761628719745204e-05,NA,NA
779,0.0003000000142492354,3.992682832176797e-05,NA,NA
780,0.0003000000142492354,2.798015520966146e-05,NA,NA
781,0.0003000000142492354,5.6028144172159955e-05,NA,NA
782,0.0003000000142492354,3.883177487296052e-05,NA,NA
783,0.0003000000142492354,4.0935825381893665e-05,NA,NA
784,0.0003000000142492354,3.671426384244114e-05,NA,NA
785,0.0003000000142492354,4.7258839913411066e-05,NA,NA
786,0.0003000000142492354,3.423305679461919e-05,NA,NA
787,0.0003000000142492354,3.779512917390093e-05,NA,NA
788,0.0003000000142492354,3.393109000171535e-05,NA,NA
789,0.0003000000142492354,5.405106639955193e-05,NA,NA
790,0.0003000000142492354,2.9872921004425734e-05,NA,NA
791,0.0003000000142492354,2.4027824110817164e-05,NA,NA
792,0.0003000000142492354,0.00015001674182713032,NA,NA
793,0.0003000000142492354,2.7834697903017513e-05,NA,NA
794,0.0003000000142492354,3.4279957617400214e-05,NA,NA
795,0.0003000000142492354,3.920683229807764e-05,NA,NA
796,0.0003000000142492354,2.7015899831894785e-05,NA,NA
797,0.0003000000142492354,3.534020288498141e-05,NA,NA
798,0.0003000000142492354,6.368220056174323e-05,NA,NA
799,0.0003000000142492354,4.014177102362737e-05,NA,NA
800,0.0003000000142492354,7.927551632747054e-05,NA,NA
801,0.0003000000142492354,3.545887375366874e-05,NA,NA
802,0.0003000000142492354,4.705429091700353e-05,NA,NA
803,0.0003000000142492354,4.652030111174099e-05,NA,NA
804,0.0003000000142492354,3.262512473156676e-05,NA,NA
805,0.0003000000142492354,3.0314073228510097e-05,NA,NA
806,0.0003000000142492354,0.00013614298950415105,NA,NA
807,0.0003000000142492354,3.360115806572139e-05,NA,NA
808,0.0003000000142492354,2.2765689209336415e-05,NA,NA
809,0.0003000000142492354,4.1289491491625085e-05,NA,NA
810,0.0003000000142492354,3.993035716121085e-05,NA,NA
811,0.0003000000142492354,3.804208245128393e-05,NA,NA
812,0.0003000000142492354,3.200821447535418e-05,NA,NA
813,0.0003000000142492354,4.393423660076223e-05,NA,NA
814,0.0003000000142492354,2.7339097869116813e-05,NA,NA
815,0.0003000000142492354,2.8450080208131112e-05,NA,NA
816,0.0003000000142492354,3.306367580080405e-05,NA,NA
817,0.0003000000142492354,3.557773743523285e-05,NA,NA
818,0.0003000000142492354,3.5928518627770245e-05,NA,NA
819,0.0003000000142492354,3.984625800512731e-05,NA,NA
820,0.0003000000142492354,3.084321360802278e-05,NA,NA
821,0.0003000000142492354,2.3364476874121465e-05,NA,NA
822,0.0003000000142492354,3.12849588226527e-05,NA,NA
823,0.0003000000142492354,3.3693922887323424e-05,NA,NA
824,0.0003000000142492354,3.724214184330776e-05,NA,NA
825,0.0003000000142492354,2.7404006686992943e-05,NA,NA
826,0.0003000000142492354,3.8372640119632706e-05,NA,NA
827,0.0003000000142492354,5.201787280384451e-05,NA,NA
828,0.0003000000142492354,3.663009556476027e-05,NA,NA
829,0.0003000000142492354,5.885034624952823e-05,NA,NA
830,0.0003000000142492354,2.891061012633145e-05,NA,NA
831,0.0003000000142492354,3.566460145520978e-05,NA,NA
832,0.0003000000142492354,5.5963348131626844e-05,NA,NA
833,0.0003000000142492354,4.445655213203281e-05,NA,NA
834,0.0003000000142492354,3.263901817263104e-05,NA,NA
835,0.0003000000142492354,7.503504457417876e-05,NA,NA
836,0.0003000000142492354,3.1799168937141076e-05,NA,NA
837,0.0003000000142492354,4.040024577989243e-05,NA,NA
838,0.0003000000142492354,5.8495246776146814e-05,NA,NA
839,0.0003000000142492354,0.00013138350914232433,NA,NA
840,0.0003000000142492354,3.2651409128447995e-05,NA,NA
841,0.0003000000142492354,3.3382133551640436e-05,NA,NA
842,0.0003000000142492354,2.9917264328105375e-05,NA,NA
843,0.0003000000142492354,5.489791510626674e-05,NA,NA
844,0.0003000000142492354,3.0031522328499705e-05,NA,NA
845,0.0003000000142492354,3.7236724892864004e-05,NA,NA
846,0.0003000000142492354,4.902514046989381e-05,NA,NA
847,0.0003000000142492354,2.7069943826063536e-05,NA,NA
848,0.0003000000142492354,0.0012726917630061507,NA,NA
849,0.0003000000142492354,6.413699156837538e-05,NA,NA
850,0.0003000000142492354,8.019707456696779e-05,NA,NA
851,0.0003000000142492354,8.408660505665466e-05,NA,NA
852,0.0003000000142492354,5.908802631893195e-05,NA,NA
853,0.0003000000142492354,8.45090180519037e-05,NA,NA
854,0.0003000000142492354,6.477671558968723e-05,NA,NA
855,0.0003000000142492354,9.321046672994271e-05,NA,NA
856,0.0003000000142492354,8.87170754140243e-05,NA,NA
857,0.0003000000142492354,6.363439752021804e-05,NA,NA
858,0.0003000000142492354,7.392516999971122e-05,NA,NA
859,0.0003000000142492354,8.515734225511551e-05,NA,NA
860,0.0003000000142492354,6.109595415182412e-05,NA,NA
861,0.0003000000142492354,7.730397919658571e-05,NA,NA
862,0.0003000000142492354,6.681647209916264e-05,NA,NA
863,0.0003000000142492354,9.05493288883008e-05,NA,NA
864,0.0003000000142492354,9.115516149904579e-05,NA,NA
865,0.0003000000142492354,7.376421126537025e-05,NA,NA
866,0.0003000000142492354,6.461900193244219e-05,NA,NA
867,0.0003000000142492354,6.254082836676389e-05,NA,NA
868,0.0003000000142492354,7.400810136459768e-05,NA,NA
869,0.0003000000142492354,5.972083090455271e-05,NA,NA
870,0.0003000000142492354,6.78224751027301e-05,NA,NA
871,0.0003000000142492354,5.7369248679606244e-05,NA,NA
872,0.0003000000142492354,6.440829747589305e-05,NA,NA
873,0.0003000000142492354,7.31458276277408e-05,NA,NA
874,0.0003000000142492354,8.734059520065784e-05,NA,NA
875,0.0003000000142492354,6.644707173109055e-05,NA,NA
876,0.0003000000142492354,7.911738794064149e-05,NA,NA
877,0.0003000000142492354,7.982239912962541e-05,NA,NA
878,0.0003000000142492354,4.7117526264628395e-05,NA,NA
879,0.0003000000142492354,7.014330913079903e-05,NA,NA
880,0.0003000000142492354,6.610290438402444e-05,NA,NA
881,0.0003000000142492354,5.392253297031857e-05,NA,NA
882,0.0003000000142492354,8.777462062425911e-05,NA,NA
883,0.0003000000142492354,0.00010755447146948427,NA,NA
884,0.0003000000142492354,8.423220424447209e-05,NA,NA
885,0.0003000000142492354,7.293658563867211e-05,NA,NA
886,0.0003000000142492354,7.85372540121898e-05,NA,NA
887,0.0003000000142492354,5.920063267694786e-05,NA,NA
888,0.0003000000142492354,6.497449066955596e-05,NA,NA
889,0.0003000000142492354,9.14773263502866e-05,NA,NA
890,0.0003000000142492354,0.00011806454858742654,NA,NA
891,0.0003000000142492354,7.57230372983031e-05,NA,NA
892,0.0003000000142492354,6.980491889407858e-05,NA,NA
893,0.0003000000142492354,5.800067083328031e-05,NA,NA
894,0.0003000000142492354,4.62526768387761e-05,NA,NA
895,0.0003000000142492354,7.423610077239573e-05,NA,NA
896,0.0003000000142492354,5.074094588053413e-05,NA,NA
897,0.0003000000142492354,7.030817505437881e-05,NA,NA
898,0.0003000000142492354,5.3345960623119026e-05,NA,NA
899,0.0003000000142492354,7.085094694048166e-05,NA,NA
900,0.0003000000142492354,5.248525849310681e-05,NA,NA
901,0.0003000000142492354,5.9617341321427375e-05,NA,NA
902,0.0003000000142492354,6.045174450264312e-05,NA,NA
903,0.0003000000142492354,4.91746686748229e-05,NA,NA
904,0.0003000000142492354,6.220156501512975e-05,NA,NA
905,0.0003000000142492354,8.389971480937675e-05,NA,NA
906,0.0003000000142492354,8.989748312160373e-05,NA,NA
907,0.0003000000142492354,0.00012965685164090246,NA,NA
908,0.0003000000142492354,7.008442480582744e-05,NA,NA
909,0.0003000000142492354,5.6978653447004035e-05,NA,NA
910,0.0003000000142492354,3.7764089938718826e-05,NA,NA
911,0.0003000000142492354,9.125476935878396e-05,NA,NA
912,0.0003000000142492354,6.342199048958719e-05,NA,NA
913,0.0003000000142492354,3.834935341728851e-05,NA,NA
914,0.0003000000142492354,5.9413909184513614e-05,NA,NA
915,0.0003000000142492354,8.599487773608416e-05,NA,NA
916,0.0003000000142492354,4.9034108087653294e-05,NA,NA
917,0.0003000000142492354,5.173892350285314e-05,NA,NA
918,0.0003000000142492354,4.654817166738212e-05,NA,NA
919,0.0003000000142492354,5.823178798891604e-05,NA,NA
920,0.0003000000142492354,6.047984788892791e-05,NA,NA
921,0.0003000000142492354,8.188196079572663e-05,NA,NA
922,0.0003000000142492354,4.571257159113884e-05,NA,NA
923,0.0003000000142492354,4.3020700104534626e-05,NA,NA
924,0.0003000000142492354,6.712688627885655e-05,NA,NA
925,0.0003000000142492354,6.031484008417465e-05,NA,NA
926,0.0003000000142492354,7.323847967199981e-05,NA,NA
927,0.0003000000142492354,0.00011021715181414038,NA,NA
928,0.0003000000142492354,3.907963400706649e-05,NA,NA
929,0.0003000000142492354,6.299191591097042e-05,NA,NA
930,0.0003000000142492354,4.339543738751672e-05,NA,NA
931,0.0003000000142492354,0.000132712593767792,NA,NA
932,0.0003000000142492354,4.6505585487466305e-05,NA,NA
933,0.0003000000142492354,3.506139182718471e-05,NA,NA
934,0.0003000000142492354,4.01460456487257e-05,NA,NA
935,0.0003000000142492354,5.729627446271479e-05,NA,NA
936,0.0003000000142492354,5.5336033256025985e-05,NA,NA
937,0.0003000000142492354,7.029254629742354e-05,NA,NA
938,0.0003000000142492354,7.493747398257256e-05,NA,NA
939,0.0003000000142492354,4.3858781282324344e-05,NA,NA
940,0.0003000000142492354,6.465107435360551e-05,NA,NA
941,0.0003000000142492354,0.00035693321842700243,NA,NA
942,0.0003000000142492354,9.824537846725434e-05,NA,NA
943,0.0003000000142492354,7.171598554123193e-05,NA,NA
944,0.0003000000142492354,7.381222530966625e-05,NA,NA
945,0.0003000000142492354,7.334766996791586e-05,NA,NA
946,0.0003000000142492354,5.0856142479460686e-05,NA,NA
947,0.0003000000142492354,5.1780611102003604e-05,NA,NA
948,0.0003000000142492354,6.563458737218753e-05,NA,NA
949,0.0003000000142492354,6.0314392612781376e-05,NA,NA
950,0.0003000000142492354,5.74555633647833e-05,NA,NA
951,0.0003000000142492354,5.4852836910868064e-05,NA,NA
952,0.0003000000142492354,9.516578575130552e-05,NA,NA
953,0.0003000000142492354,5.889760723221116e-05,NA,NA
954,0.0003000000142492354,5.668886296916753e-05,NA,NA
955,0.0003000000142492354,5.033025809098035e-05,NA,NA
956,0.0003000000142492354,6.066545392968692e-05,NA,NA
957,0.0003000000142492354,5.917454473092221e-05,NA,NA
958,0.0003000000142492354,9.664611570769921e-05,NA,NA
959,0.0003000000142492354,4.9635928007774055e-05,NA,NA
960,0.0003000000142492354,6.0479873354779556e-05,NA,NA
961,0.0003000000142492354,3.9361140807159245e-05,NA,NA
962,0.0003000000142492354,6.054879486327991e-05,NA,NA
963,0.0003000000142492354,5.032401531934738e-05,NA,NA
964,0.0003000000142492354,5.1144503231626004e-05,NA,NA
965,0.0003000000142492354,5.190050069359131e-05,NA,NA
966,0.0003000000142492354,5.0728016503853723e-05,NA,NA
967,0.0003000000142492354,6.013113306835294e-05,NA,NA
968,0.0003000000142492354,5.258958844933659e-05,NA,NA
969,0.0003000000142492354,5.393293031374924e-05,NA,NA
970,0.0003000000142492354,5.3703759476775303e-05,NA,NA
971,0.0003000000142492354,4.9231861339649186e-05,NA,NA
972,0.0003000000142492354,3.5373930586501956e-05,NA,NA
973,0.0003000000142492354,3.245711559429765e-05,NA,NA
974,0.0003000000142492354,4.6262484829640016e-05,NA,NA
975,0.0003000000142492354,5.814593896502629e-05,NA,NA
976,0.0003000000142492354,5.2593833970604464e-05,NA,NA
977,0.0003000000142492354,8.282017370220274e-05,NA,NA
978,0.0003000000142492354,6.0989143094047904e-05,NA,NA
979,0.0003000000142492354,0.00011919685493921861,NA,NA
980,0.0003000000142492354,4.834510764339939e-05,NA,NA
981,0.0003000000142492354,0.00011820219515357167,NA,NA
982,0.0003000000142492354,7.958971400512382e-05,NA,NA
983,0.0003000000142492354,5.256693475530483e-05,NA,NA
984,0.0003000000142492354,5.598556890618056e-05,NA,NA
985,0.0003000000142492354,4.0087827073875815e-05,NA,NA
986,0.0003000000142492354,5.1611739763757214e-05,NA,NA
987,0.0003000000142492354,6.676754856016487e-05,NA,NA
988,0.0003000000142492354,4.0964532672660425e-05,NA,NA
989,0.0003000000142492354,6.216237670741975e-05,NA,NA
990,0.0003000000142492354,6.121378828538582e-05,NA,NA
991,0.0003000000142492354,4.103448009118438e-05,NA,NA
992,0.0003000000142492354,4.7207115130731836e-05,NA,NA
993,0.0003000000142492354,3.7506641092477366e-05,NA,NA
994,0.0003000000142492354,3.5266479244455695e-05,NA,NA
995,0.0003000000142492354,5.1143000746378675e-05,NA,NA
996,0.0003000000142492354,4.8644338676240295e-05,NA,NA
997,0.0003000000142492354,3.828483386314474e-05,NA,NA
998,0.0003000000142492354,4.481387441046536e-05,NA,NA
999,0.0003000000142492354,4.46734375145752e-05,NA,NA
